section,title,url,pdf_path,status,erro
Aprovação Liberação do Produto - MDP,Aprovação do Produto - DP0302,https://tdn.totvs.com.br/pages/releaseview.action?pageId=249956694,PDFs_TDN_MDP_MEN\Aprovação Liberação do Produto - MDP\DP0302 - Aprovação do Produto - DP0302.pdf,OK,
Aprovação Liberação do Produto - MDP,Eliminação Processos DP - DP0202,https://tdn.totvs.com.br/pages/releaseview.action?pageId=253034761,PDFs_TDN_MDP_MEN\Aprovação Liberação do Produto - MDP\DP0202 - Eliminação Processos DP - DP0202.pdf,OK,
Aprovação Liberação do Produto - MDP,Liberação de Itens para a Engenharia - DP0502,https://tdn.totvs.com.br/pages/releaseview.action?pageId=253034529,PDFs_TDN_MDP_MEN\Aprovação Liberação do Produto - MDP\DP0502 - Liberação de Itens para a Engenharia - DP0502.pdf,OK,
Aprovação Liberação do Produto - MDP,Cadastros Gerais - MDP,https://tdn.totvs.com.br/pages/releaseview.action?pageId=249266782,PDFs_TDN_MDP_MEN\Aprovação Liberação do Produto - MDP\Cadastros Gerais - MDP.pdf,OK,
Aprovação Liberação do Produto - MDP,Consultas Cadastros Gerais - MDP,https://tdn.totvs.com.br/pages/releaseview.action?pageId=253035066,PDFs_TDN_MDP_MEN\Aprovação Liberação do Produto - MDP\Consultas Cadastros Gerais - MDP.pdf,OK,
Aprovação Liberação do Produto - MDP,Relatórios Cadastros Gerais - MDP,https://tdn.totvs.com.br/pages/releaseview.action?pageId=253986052,PDFs_TDN_MDP_MEN\Aprovação Liberação do Produto - MDP\Relatórios Cadastros Gerais - MDP.pdf,OK,
Verificação de Integridade - MDP,Consultas - MDP,https://tdn.totvs.com.br/pages/releaseview.action?pageId=253035066,PDFs_TDN_MDP_MEN\Verificação de Integridade - MDP\Consultas - MDP.pdf,OK,
Verificação de Integridade - MDP,Consulta Estrutura Item DP - DP0812,https://tdn.totvs.com.br/pages/releaseview.action?pageId=253985116,PDFs_TDN_MDP_MEN\Verificação de Integridade - MDP\DP0812 - Consulta Estrutura Item DP - DP0812.pdf,OK,
Verificação de Integridade - MDP,Consulta Estrutura Sumariada - DP0523,https://tdn.totvs.com.br/pages/releaseview.action?pageId=253985888,PDFs_TDN_MDP_MEN\Verificação de Integridade - MDP\DP0523 - Consulta Estrutura Sumariada - DP0523.pdf,OK,
Verificação de Integridade - MDP,Consulta Item Desenvolvimento Produtos - DP0610,https://tdn.totvs.com.br/pages/releaseview.action?pageId=253035182,PDFs_TDN_MDP_MEN\Verificação de Integridade - MDP\DP0610 - Consulta Item Desenvolvimento Produtos - DP0610.pdf,OK,
Verificação de Integridade - MDP,Consulta Onde se Usa DP - DP0813,https://tdn.totvs.com.br/pages/releaseview.action?pageId=253493262,PDFs_TDN_MDP_MEN\Verificação de Integridade - MDP\DP0813 - Consulta Onde se Usa DP - DP0813.pdf,OK,
Verificação de Integridade - MDP,Consulta Onde se Usa Sumariado DP - DP0606,https://tdn.totvs.com.br/pages/releaseview.action?pageId=253984934,PDFs_TDN_MDP_MEN\Verificação de Integridade - MDP\DP0606 - Consulta Onde se Usa Sumariado DP - DP0606.pdf,OK,
Verificação de Integridade - MDP,Consulta Processo Fabricação Item DP - DP0614,https://tdn.totvs.com.br/pages/releaseview.action?pageId=253985508,PDFs_TDN_MDP_MEN\Verificação de Integridade - MDP\DP0614 - Consulta Processo Fabricação Item DP - DP0614.pdf,OK,
Desenvolvimento do Produto - MDP,Custo das Operações Externas - DP0108,https://tdn.totvs.com.br/pages/releaseview.action?pageId=249956118,PDFs_TDN_MDP_MEN\Desenvolvimento do Produto - MDP\DP0108 - Custo das Operações Externas - DP0108.pdf,OK,
Desenvolvimento do Produto - MDP,Processo Desenvolvimento Produto – Rede Pert - DP0301,https://tdn.totvs.com.br/pages/releaseview.action?pageId=249267812,PDFs_TDN_MDP_MEN\Desenvolvimento do Produto - MDP\DP0301 - Processo Desenvolvimento Produto – Rede Pert - DP0301.pdf,OK,
Desenvolvimento do Produto - MDP,Versão Desenvolvimento Produto - DP0301,https://tdn.totvs.com.br/pages/releaseview.action?pageId=249267812,PDFs_TDN_MDP_MEN\Desenvolvimento do Produto - MDP\DP0301 - Versão Desenvolvimento Produto - DP0301.pdf,OK,
Desenvolvimento do Produto - MDP,Versão Desenvolvimento Produto – Estrutura - DP0301,https://tdn.totvs.com.br/pages/releaseview.action?pageId=249267812,PDFs_TDN_MDP_MEN\Desenvolvimento do Produto - MDP\DP0301 - Versão Desenvolvimento Produto – Estrutura - DP0301.pdf,OK,
Desenvolvimento do Produto - MDP,Versão Desenvolvimento Produto – Operação - DP0301,https://tdn.totvs.com.br/pages/releaseview.action?pageId=249267812,PDFs_TDN_MDP_MEN\Desenvolvimento do Produto - MDP\DP0301 - Versão Desenvolvimento Produto – Operação - DP0301.pdf,OK,
Dúvidas Mais Frequentes - MDP,Como é utilizado o módulo do Desenvolvimento de Produtos?,https://tdn.totvs.com.br/pages/releaseview.action?pageId=254607523,PDFs_TDN_MDP_MEN\Dúvidas Mais Frequentes - MDP\Como é utilizado o módulo do Desenvolvimento de Produtos.pdf,OK,
Dúvidas Mais Frequentes - MDP,Como se dá o reporte de uma ordem protótipo?,https://tdn.totvs.com.br/pages/releaseview.action?pageId=254607614,PDFs_TDN_MDP_MEN\Dúvidas Mais Frequentes - MDP\Como se dá o reporte de uma ordem protótipo.pdf,OK,
Dúvidas Mais Frequentes - MDP,Como se dá valorização de uma ordem protótipo?,https://tdn.totvs.com.br/pages/releaseview.action?pageId=254607632,PDFs_TDN_MDP_MEN\Dúvidas Mais Frequentes - MDP\Como se dá valorização de uma ordem protótipo.pdf,OK,
Dúvidas Mais Frequentes - MDP,O que é o item para geração de ordens?,https://tdn.totvs.com.br/pages/releaseview.action?pageId=254607592,PDFs_TDN_MDP_MEN\Dúvidas Mais Frequentes - MDP\O que é o item para geração de ordens.pdf,OK,
Dúvidas Mais Frequentes - MDP,O que é uma Estrutura de produto no DP?,https://tdn.totvs.com.br/pages/releaseview.action?pageId=254607543,PDFs_TDN_MDP_MEN\Dúvidas Mais Frequentes - MDP\O que é uma Estrutura de produto no DP.pdf,OK,
Dúvidas Mais Frequentes - MDP,O que é uma geração de ordem protótipo?,https://tdn.totvs.com.br/pages/releaseview.action?pageId=254607556,PDFs_TDN_MDP_MEN\Dúvidas Mais Frequentes - MDP\O que é uma geração de ordem protótipo.pdf,OK,
Preparação das Informações - MDP,Manutenção dos Parâmetros do Desenvolvimento de Produto - DP0106,https://tdn.totvs.com.br/pages/releaseview.action?pageId=249267068,PDFs_TDN_MDP_MEN\Preparação das Informações - MDP\DP0106 - Manutenção dos Parâmetros do Desenvolvimento de Produto - DP0106.pdf,OK,
Preparação das Informações - MDP,Manutenção Itens para Desenvolvimento - DP0101,https://tdn.totvs.com.br/pages/releaseview.action?pageId=249267242,PDFs_TDN_MDP_MEN\Preparação das Informações - MDP\DP0101 - Manutenção Itens para Desenvolvimento - DP0101.pdf,OK,
Procedimentos - MDP,Criação de um produto a partir do zero,https://tdn.totvs.com.br/pages/releaseview.action?pageId=274306971,PDFs_TDN_MDP_MEN\Procedimentos - MDP\Criação de um produto a partir do zero.pdf,OK,
Ilustrando Criação de Novas Estruturas de Produto,Relatórios - MDP,https://tdn.totvs.com.br/pages/releaseview.action?pageId=253986052,PDFs_TDN_MDP_MEN\Ilustrando Criação de Novas Estruturas de Produto\Relatórios - MDP.pdf,OK,
Ilustrando Criação de Novas Estruturas de Produto,Catalogo Item Desenvolvimento Produtos - DPR001,https://tdn.totvs.com.br/pages/releaseview.action?pageId=253987967,PDFs_TDN_MDP_MEN\Ilustrando Criação de Novas Estruturas de Produto\DPR001 - Catalogo Item Desenvolvimento Produtos - DPR001.pdf,OK,
Ilustrando Criação de Novas Estruturas de Produto,Custos Versão Desenvolvimento - DP0520,https://tdn.totvs.com.br/pages/releaseview.action?pageId=253987669,PDFs_TDN_MDP_MEN\Ilustrando Criação de Novas Estruturas de Produto\DP0520 - Custos Versão Desenvolvimento - DP0520.pdf,OK,
Ilustrando Criação de Novas Estruturas de Produto,Estrutura Níveis Único - DP0525,https://tdn.totvs.com.br/pages/releaseview.action?pageId=253987361,PDFs_TDN_MDP_MEN\Ilustrando Criação de Novas Estruturas de Produto\DP0525 - Estrutura Níveis Único - DP0525.pdf,OK,
Ilustrando Criação de Novas Estruturas de Produto,Estrutura Nível a Nível - DP0526,https://tdn.totvs.com.br/pages/releaseview.action?pageId=253987491,PDFs_TDN_MDP_MEN\Ilustrando Criação de Novas Estruturas de Produto\DP0526 - Estrutura Nível a Nível - DP0526.pdf,OK,
Ilustrando Criação de Novas Estruturas de Produto,Estrutura Sumariada - DP0527,https://tdn.totvs.com.br/pages/releaseview.action?pageId=253987557,PDFs_TDN_MDP_MEN\Ilustrando Criação de Novas Estruturas de Produto\DP0527 - Estrutura Sumariada - DP0527.pdf,OK,
Ilustrando Criação de Novas Estruturas de Produto,Relatório Catálogo Item DP - DP0601,https://tdn.totvs.com.br/pages/releaseview.action?pageId=253987198,PDFs_TDN_MDP_MEN\Ilustrando Criação de Novas Estruturas de Produto\DP0601 - Relatório Catálogo Item DP - DP0601.pdf,OK,
Ilustrando Criação de Novas Estruturas de Produto,Versões Item em Desenvolvimento - DP0608,https://tdn.totvs.com.br/pages/releaseview.action?pageId=253987293,PDFs_TDN_MDP_MEN\Ilustrando Criação de Novas Estruturas de Produto\DP0608 - Versões Item em Desenvolvimento - DP0608.pdf,OK,
Simulações do Produto - MDP,Composição dos Custos da Versão de Produto - DP0521,https://tdn.totvs.com.br/pages/releaseview.action?pageId=249956414,PDFs_TDN_MDP_MEN\Simulações do Produto - MDP\DP0521 - Composição dos Custos da Versão de Produto - DP0521.pdf,OK,
Simulações do Produto - MDP,Geração de Ordem de Protótipo - DP0501,https://tdn.totvs.com.br/pages/releaseview.action?pageId=249956628,PDFs_TDN_MDP_MEN\Simulações do Produto - MDP\DP0501 - Geração de Ordem de Protótipo - DP0501.pdf,OK,
Acervo - MDP,*DMDP0001 - Item para a geração de ordens de produção,https://tdn.totvs.com.br/pages/releaseview.action?pageId=505771904,PDFs_TDN_MDP_MEN\Acervo - MDP\DMDP0001 - Item para a geração de ordens de produção.pdf,OK,
Acervo - MDP,*DMDP0002 - Utilização do módulo Desenvolvimento de Produto,https://tdn.totvs.com.br/pages/releaseview.action?pageId=505771906,PDFs_TDN_MDP_MEN\Acervo - MDP\DMDP0002 - Utilização do módulo Desenvolvimento de Produto.pdf,OK,
Acervo - MDP,*DMDP0003 - Estrutura de produto,https://tdn.totvs.com.br/pages/releaseview.action?pageId=505771908,PDFs_TDN_MDP_MEN\Acervo - MDP\DMDP0003 - Estrutura de produto.pdf,OK,
Acervo - MDP,*DMDP0004 - Geração de ordem protótipo,https://tdn.totvs.com.br/pages/releaseview.action?pageId=505771910,PDFs_TDN_MDP_MEN\Acervo - MDP\DMDP0004 - Geração de ordem protótipo.pdf,OK,
Acervo - MDP,*DMDP0005 - Como são geradas as reservas para itens do DP?,https://tdn.totvs.com.br/pages/releaseview.action?pageId=505771912,PDFs_TDN_MDP_MEN\Acervo - MDP\DMDP0005 - Como são geradas as reservas para itens do DP.pdf,OK,
Acervo - MDP,*DMDP0006 - Reporte de ordem protótipo,https://tdn.totvs.com.br/pages/releaseview.action?pageId=505771915,PDFs_TDN_MDP_MEN\Acervo - MDP\DMDP0006 - Reporte de ordem protótipo.pdf,OK,
Acervo - MDP,*DMDP0007 - Como é efetuada a valorização de ordem protótipo,https://tdn.totvs.com.br/pages/releaseview.action?pageId=505771917,PDFs_TDN_MDP_MEN\Acervo - MDP\DMDP0007 - Como é efetuada a valorização de ordem protótipo.pdf,OK,
Acervo - MDP,*DMDP0008 - Planejamento de modificação futura no DP0301 (sem data de corte),https://tdn.totvs.com.br/pages/releaseview.action?pageId=505771919,PDFs_TDN_MDP_MEN\Acervo - MDP\DMDP0008 - Planejamento de modificação futura no DP0301 (sem data de corte).pdf,OK,
MEN - Engenharia,How To - MEN,https://tdn.totvs.com.br/pages/releaseview.action?pageId=287063080,PDFs_TDN_MDP_MEN\MEN - Engenharia\How To - MEN.pdf,OK,
MEN - Engenharia,How To - MEN - Estrutura de Produto,https://tdn.totvs.com.br/pages/releaseview.action?pageId=287063119,PDFs_TDN_MDP_MEN\MEN - Engenharia\How To - MEN - Estrutura de Produto.pdf,OK,
MEN - Engenharia,How To - MEN - Processo de Fabricação,https://tdn.totvs.com.br/pages/releaseview.action?pageId=287063080,PDFs_TDN_MDP_MEN\MEN - Engenharia\How To - MEN - Processo de Fabricação.pdf,OK,
MEN - Engenharia,How To - MEN - Quantidade fixa para componentes da estrutura do item,https://tdn.totvs.com.br/pages/releaseview.action?pageId=274825843,PDFs_TDN_MDP_MEN\MEN - Engenharia\How To - MEN - Quantidade fixa para componentes da estrutura do item.pdf,OK,
MEN - Engenharia,Cadastros - MEN,https://tdn.totvs.com.br/pages/releaseview.action?pageId=243639341,PDFs_TDN_MDP_MEN\MEN - Engenharia\Cadastros - MEN.pdf,OK,
MEN - Engenharia,Cadastros Gerais - MEN,https://tdn.totvs.com.br/pages/releaseview.action?pageId=243639341,PDFs_TDN_MDP_MEN\MEN - Engenharia\Cadastros Gerais - MEN.pdf,OK,
MEN - Engenharia,Manutenção dos Parâmetros da Engenharia - EN0101,https://tdn.totvs.com.br/pages/releaseview.action?pageId=699825541,PDFs_TDN_MDP_MEN\MEN - Engenharia\EN0101 - Manutenção dos Parâmetros da Engenharia - EN0101.pdf,OK,
MEN - Engenharia,Manutenção Ponto de Controle - EN0509,https://tdn.totvs.com.br/pages/releaseview.action?pageId=243639241,PDFs_TDN_MDP_MEN\MEN - Engenharia\EN0509 - Manutenção Ponto de Controle - EN0509.pdf,OK,
MEN012AA - Manutencao de Programa,Parametrização da Engenharia para uso do Fator de Concentração/PPM,https://tdn.totvs.com.br/pages/releaseview.action?pageId=235577677,PDFs_TDN_MDP_MEN\MEN012AA - Manutencao de Programa\Parametrização da Engenharia para uso do Fator de Concentração PPM.pdf,OK,
Engenharia do Produto - MEN,Manutenção de Desenhos - EN0301,https://tdn.totvs.com.br/pages/releaseview.action?pageId=243639535,PDFs_TDN_MDP_MEN\Engenharia do Produto - MEN\EN0301 - Manutenção de Desenhos - EN0301.pdf,OK,
Engenharia do Produto - MEN,Manutenção de Desenhos do Item - EN0304,https://tdn.totvs.com.br/pages/releaseview.action?pageId=243640034,PDFs_TDN_MDP_MEN\Engenharia do Produto - MEN\EN0304 - Manutenção de Desenhos do Item - EN0304.pdf,OK,
Engenharia do Produto - MEN,Manutenção Modelos - EN0106,https://tdn.totvs.com.br/pages/releaseview.action?pageId=243640253,PDFs_TDN_MDP_MEN\Engenharia do Produto - MEN\EN0106 - Manutenção Modelos - EN0106.pdf,OK,
Engenharia do Produto - MEN,Manutenção Estrutura do Item - EN0105,https://tdn.totvs.com.br/pages/releaseview.action?pageId=243640411,PDFs_TDN_MDP_MEN\Engenharia do Produto - MEN\EN0105 - Manutenção Estrutura do Item - EN0105.pdf,OK,
Engenharia do Produto - MEN,Manutenção Componentes Onde-se-usa - EN0109,https://tdn.totvs.com.br/pages/releaseview.action?pageId=341218834,PDFs_TDN_MDP_MEN\Engenharia do Produto - MEN\EN0109 - Manutenção Componentes Onde-se-usa - EN0109.pdf,OK,
Engenharia do Produto - MEN,Importação de Estrutura/Alternativos - EN0113,https://tdn.totvs.com.br/pages/releaseview.action?pageId=243641824,PDFs_TDN_MDP_MEN\Engenharia do Produto - MEN\EN0113 - Importação de Estrutura Alternativos - EN0113.pdf,OK,
Engenharia do Produto - MEN,Manutenção de Componentes Alternativos - EN0116,https://tdn.totvs.com.br/pages/releaseview.action?pageId=243641926,PDFs_TDN_MDP_MEN\Engenharia do Produto - MEN\EN0116 - Manutenção de Componentes Alternativos - EN0116.pdf,OK,
Engenharia de Processos - MEN,Manutenção da Lista de Componentes - EN0103,https://tdn.totvs.com.br/pages/releaseview.action?pageId=243643807,PDFs_TDN_MDP_MEN\Engenharia de Processos - MEN\EN0103 - Manutenção da Lista de Componentes - EN0103.pdf,OK,
Engenharia de Processos - MEN,Manutenção de Operações - EN0503,https://tdn.totvs.com.br/pages/releaseview.action?pageId=243643953,PDFs_TDN_MDP_MEN\Engenharia de Processos - MEN\EN0503 - Manutenção de Operações - EN0503.pdf,OK,
Engenharia de Processos - MEN,Manutenção Processo de Fabricação do Item - EN0507,https://tdn.totvs.com.br/pages/releaseview.action?pageId=243644497,PDFs_TDN_MDP_MEN\Engenharia de Processos - MEN\EN0507 - Manutenção Processo de Fabricação do Item - EN0507.pdf,OK,
Engenharia de Processos - MEN,Manutenção Processo de Fabricação do Item – Operações – EN0507,https://tdn.totvs.com.br/pages/releaseview.action?pageId=243644497,PDFs_TDN_MDP_MEN\Engenharia de Processos - MEN\EN0507 - Manutenção Processo de Fabricação do Item – Operações – EN0507.pdf,OK,
Engenharia de Processos - MEN,Manutenção Processo de Fabricação do Item – Rede Pert – EN0507,https://tdn.totvs.com.br/pages/releaseview.action?pageId=243644497,PDFs_TDN_MDP_MEN\Engenharia de Processos - MEN\EN0507 - Manutenção Processo de Fabricação do Item – Rede Pert – EN0507.pdf,OK,
Engenharia de Processos - MEN,Manutenção Processo de Fabricação do Item – Roteiros – EN0507,https://tdn.totvs.com.br/pages/releaseview.action?pageId=243644497,PDFs_TDN_MDP_MEN\Engenharia de Processos - MEN\EN0507 - Manutenção Processo de Fabricação do Item – Roteiros – EN0507.pdf,OK,
Engenharia de Processos - MEN,Manutenção Processo de Fabricação do Item – Lista Comp – EN0507,https://tdn.totvs.com.br/pages/releaseview.action?pageId=243644497,PDFs_TDN_MDP_MEN\Engenharia de Processos - MEN\EN0507 - Manutenção Processo de Fabricação do Item – Lista Comp – EN0507.pdf,OK,
Engenharia de Processos - MEN,Manutenção Processo de Fabricação do Item – Processos – EN0507,https://tdn.totvs.com.br/pages/releaseview.action?pageId=243644497,PDFs_TDN_MDP_MEN\Engenharia de Processos - MEN\EN0507 - Manutenção Processo de Fabricação do Item – Processos – EN0507.pdf,OK,
Engenharia de Processos - MEN,Manutenção Roteiros de Fabricação - EN0506,https://tdn.totvs.com.br/pages/releaseview.action?pageId=243651234,PDFs_TDN_MDP_MEN\Engenharia de Processos - MEN\EN0506 - Manutenção Roteiros de Fabricação - EN0506.pdf,OK,
Engenharia de Processos - MEN,Manutenção Operação do Grupo de Máquina - EN0510,https://tdn.totvs.com.br/pages/releaseview.action?pageId=243651437,PDFs_TDN_MDP_MEN\Engenharia de Processos - MEN\EN0510 - Manutenção Operação do Grupo de Máquina - EN0510.pdf,OK,
Engenharia de Processos - MEN,Importação Operações - EN0114,https://tdn.totvs.com.br/pages/releaseview.action?pageId=243651572,PDFs_TDN_MDP_MEN\Engenharia de Processos - MEN\EN0114 - Importação Operações - EN0114.pdf,OK,
Engenharia de Processos - MEN,Importação Operações/Fichas Método - EN0115,https://tdn.totvs.com.br/pages/releaseview.action?pageId=243652086,PDFs_TDN_MDP_MEN\Engenharia de Processos - MEN\EN0115 - Importação Operações Fichas Método - EN0115.pdf,OK,
Engenharia de Processos - MEN,Importação Narrativa Operações - EN0117,https://tdn.totvs.com.br/pages/releaseview.action?pageId=243652200,PDFs_TDN_MDP_MEN\Engenharia de Processos - MEN\EN0117 - Importação Narrativa Operações - EN0117.pdf,OK,
Engenharia de Processos - MEN,Consultas - MEN,https://tdn.totvs.com.br/pages/releaseview.action?pageId=454457557,PDFs_TDN_MDP_MEN\Engenharia de Processos - MEN\Consultas - MEN.pdf,OK,
Engenharia de Processos - MEN,Consultas Cadastros Gerais,https://tdn.totvs.com.br/pages/releaseview.action?pageId=258277662,PDFs_TDN_MDP_MEN\Engenharia de Processos - MEN\Consultas Cadastros Gerais.pdf,OK,
Engenharia de Processos - MEN,Consulta Desenhos - EN0704,https://tdn.totvs.com.br/pages/releaseview.action?pageId=243653412,PDFs_TDN_MDP_MEN\Engenharia de Processos - MEN\EN0704 - Consulta Desenhos - EN0704.pdf,OK,
Engenharia de Processos - MEN,Consulta Revisão do Desenho - EN0705,https://tdn.totvs.com.br/pages/releaseview.action?pageId=243653454,PDFs_TDN_MDP_MEN\Engenharia de Processos - MEN\EN0705 - Consulta Revisão do Desenho - EN0705.pdf,OK,
Engenharia de Processos - MEN,Consulta Estrutura - EN0801,https://tdn.totvs.com.br/pages/releaseview.action?pageId=359467377,PDFs_TDN_MDP_MEN\Engenharia de Processos - MEN\EN0801 - Consulta Estrutura - EN0801.pdf,OK,
Engenharia de Processos - MEN,Consulta Detalhes Estrutura - EN0807,https://tdn.totvs.com.br/pages/releaseview.action?pageId=243653683,PDFs_TDN_MDP_MEN\Engenharia de Processos - MEN\EN0807 - Consulta Detalhes Estrutura - EN0807.pdf,OK,
Engenharia de Processos - MEN,Consulta Detalhes Estrutura - EN0806,https://tdn.totvs.com.br/pages/releaseview.action?pageId=243655017,PDFs_TDN_MDP_MEN\Engenharia de Processos - MEN\EN0806 - Consulta Detalhes Estrutura - EN0806.pdf,OK,
Engenharia de Processos - MEN,Consulta Estrutura Nível a Nível - EN0805,https://tdn.totvs.com.br/pages/releaseview.action?pageId=243655068,PDFs_TDN_MDP_MEN\Engenharia de Processos - MEN\EN0805 - Consulta Estrutura Nível a Nível - EN0805.pdf,OK,
Engenharia de Processos - MEN,Consulta Estrutura Sumarizada - EN0802,https://tdn.totvs.com.br/pages/releaseview.action?pageId=243657389,PDFs_TDN_MDP_MEN\Engenharia de Processos - MEN\EN0802 - Consulta Estrutura Sumarizada - EN0802.pdf,OK,
Engenharia de Processos - MEN,Consulta Item - EN0703,https://tdn.totvs.com.br/pages/releaseview.action?pageId=243657783,PDFs_TDN_MDP_MEN\Engenharia de Processos - MEN\EN0703 - Consulta Item - EN0703.pdf,OK,
Engenharia de Processos - MEN,Consulta Itens Roteiro - EN0714,https://tdn.totvs.com.br/pages/releaseview.action?pageId=243657831,PDFs_TDN_MDP_MEN\Engenharia de Processos - MEN\EN0714 - Consulta Itens Roteiro - EN0714.pdf,OK,
Engenharia de Processos - MEN,Consulta Itens do Desenho - EN0725,https://tdn.totvs.com.br/pages/releaseview.action?pageId=243657846,PDFs_TDN_MDP_MEN\Engenharia de Processos - MEN\EN0725 - Consulta Itens do Desenho - EN0725.pdf,OK,
Engenharia de Processos - MEN,Consulta Família de Material - EN0702,https://tdn.totvs.com.br/pages/releaseview.action?pageId=243657898,PDFs_TDN_MDP_MEN\Engenharia de Processos - MEN\EN0702 - Consulta Família de Material - EN0702.pdf,OK,
Engenharia de Processos - MEN,Consulta Gráfica da Estrutura - EN0812,https://tdn.totvs.com.br/pages/releaseview.action?pageId=745113196,PDFs_TDN_MDP_MEN\Engenharia de Processos - MEN\EN0812 - Consulta Gráfica da Estrutura - EN0812.pdf,OK,
Engenharia de Processos - MEN,Consulta Gráfica Onde-se-Usa - EN0813,https://tdn.totvs.com.br/pages/releaseview.action?pageId=758483830,PDFs_TDN_MDP_MEN\Engenharia de Processos - MEN\EN0813 - Consulta Gráfica Onde-se-Usa - EN0813.pdf,OK,
Engenharia de Processos - MEN,Consulta Grupo de Estoque - EN0701,https://tdn.totvs.com.br/pages/releaseview.action?pageId=243658913,PDFs_TDN_MDP_MEN\Engenharia de Processos - MEN\EN0701 - Consulta Grupo de Estoque - EN0701.pdf,OK,
Engenharia de Processos - MEN,Consulta Lista de Componentes - EN0727,https://tdn.totvs.com.br/pages/releaseview.action?pageId=243659305,PDFs_TDN_MDP_MEN\Engenharia de Processos - MEN\EN0727 - Consulta Lista de Componentes - EN0727.pdf,OK,
Engenharia de Processos - MEN,Consulta Lista Destino Multiplanta / Item - EN0104,https://tdn.totvs.com.br/pages/releaseview.action?pageId=243659355,PDFs_TDN_MDP_MEN\Engenharia de Processos - MEN\EN0104 - Consulta Lista Destino Multiplanta Item - EN0104.pdf,OK,
Engenharia de Processos - MEN,Consulta Modelo - EN0810,https://tdn.totvs.com.br/pages/releaseview.action?pageId=243662461,PDFs_TDN_MDP_MEN\Engenharia de Processos - MEN\EN0810 - Consulta Modelo - EN0810.pdf,OK,
Engenharia de Processos - MEN,Consulta Onde se Usa - EN0803,https://tdn.totvs.com.br/pages/releaseview.action?pageId=243662715,PDFs_TDN_MDP_MEN\Engenharia de Processos - MEN\EN0803 - Consulta Onde se Usa - EN0803.pdf,OK,
Engenharia de Processos - MEN,Consulta Onde se Usa Alternativo - EN0809,https://tdn.totvs.com.br/pages/releaseview.action?pageId=244417170,PDFs_TDN_MDP_MEN\Engenharia de Processos - MEN\EN0809 - Consulta Onde se Usa Alternativo - EN0809.pdf,OK,
Engenharia de Processos - MEN,Consulta Onde se Usa Item no Desenho - EN0726,https://tdn.totvs.com.br/pages/releaseview.action?pageId=244417225,PDFs_TDN_MDP_MEN\Engenharia de Processos - MEN\EN0726 - Consulta Onde se Usa Item no Desenho - EN0726.pdf,OK,
Engenharia de Processos - MEN,Consulta Onde-se-Usa Nível a Nível - EN0808,https://tdn.totvs.com.br/pages/releaseview.action?pageId=244417400,PDFs_TDN_MDP_MEN\Engenharia de Processos - MEN\EN0808 - Consulta Onde-se-Usa Nível a Nível - EN0808.pdf,OK,
Engenharia de Processos - MEN,Consulta Onde se Usa Sumariado - EN0804,https://tdn.totvs.com.br/pages/releaseview.action?pageId=244417459,PDFs_TDN_MDP_MEN\Engenharia de Processos - MEN\EN0804 - Consulta Onde se Usa Sumariado - EN0804.pdf,OK,
Engenharia de Processos - MEN,Consulta Ponto Controle - EN0724,https://tdn.totvs.com.br/pages/releaseview.action?pageId=244417702,PDFs_TDN_MDP_MEN\Engenharia de Processos - MEN\EN0724 - Consulta Ponto Controle - EN0724.pdf,OK,
Engenharia de Processos - MEN,Consulta Processo Fabricação Item - EN0707,https://tdn.totvs.com.br/pages/releaseview.action?pageId=244427933,PDFs_TDN_MDP_MEN\Engenharia de Processos - MEN\EN0707 - Consulta Processo Fabricação Item - EN0707.pdf,OK,
Engenharia de Processos - MEN,Consulta Roteiro Fabricação - EN0713,https://tdn.totvs.com.br/pages/releaseview.action?pageId=244427997,PDFs_TDN_MDP_MEN\Engenharia de Processos - MEN\EN0713 - Consulta Roteiro Fabricação - EN0713.pdf,OK,
Engenharia de Processos - MEN,Consulta Operações de Engenharia - EN0712,https://tdn.totvs.com.br/pages/releaseview.action?pageId=244428293,PDFs_TDN_MDP_MEN\Engenharia de Processos - MEN\EN0712 - Consulta Operações de Engenharia - EN0712.pdf,OK,
Engenharia de Processos - MEN,Consulta Operações Alternativas - EN0719,https://tdn.totvs.com.br/pages/releaseview.action?pageId=244428334,PDFs_TDN_MDP_MEN\Engenharia de Processos - MEN\EN0719 - Consulta Operações Alternativas - EN0719.pdf,OK,
Engenharia de Processos - MEN,Relatórios - MEN,https://tdn.totvs.com.br/pages/releaseview.action?pageId=244428621,PDFs_TDN_MDP_MEN\Engenharia de Processos - MEN\Relatórios - MEN.pdf,OK,
Engenharia de Processos - MEN,Relatórios Cadastros Gerais - MEN,https://tdn.totvs.com.br/pages/releaseview.action?pageId=244428621,PDFs_TDN_MDP_MEN\Engenharia de Processos - MEN\Relatórios Cadastros Gerais - MEN.pdf,OK,
Engenharia de Processos - MEN,Listagem Itens sem Referência Estrutura - ENR012,https://tdn.totvs.com.br/pages/releaseview.action?pageId=244428657,PDFs_TDN_MDP_MEN\Engenharia de Processos - MEN\ENR012 - Listagem Itens sem Referência Estrutura - ENR012.pdf,OK,
Engenharia de Processos - MEN,Relatório Desenhos - ENR003,https://tdn.totvs.com.br/pages/releaseview.action?pageId=244428801,PDFs_TDN_MDP_MEN\Engenharia de Processos - MEN\ENR003 - Relatório Desenhos - ENR003.pdf,OK,
Engenharia de Processos - MEN,Relatório Desenho Itens - ENR004,https://tdn.totvs.com.br/pages/releaseview.action?pageId=244429115,PDFs_TDN_MDP_MEN\Engenharia de Processos - MEN\ENR004 - Relatório Desenho Itens - ENR004.pdf,OK,
Engenharia de Processos - MEN,Listagem de Estrutura Detalhada - EN0207,https://tdn.totvs.com.br/pages/releaseview.action?pageId=244429262,PDFs_TDN_MDP_MEN\Engenharia de Processos - MEN\EN0207 - Listagem de Estrutura Detalhada - EN0207.pdf,OK,
Engenharia de Processos - MEN,Relatório Estrutura Modelos - ENR002,https://tdn.totvs.com.br/pages/releaseview.action?pageId=244431466,PDFs_TDN_MDP_MEN\Engenharia de Processos - MEN\ENR002 - Relatório Estrutura Modelos - ENR002.pdf,OK,
Engenharia de Processos - MEN,Relatório Estrutura Nível a Nível - EN0205,https://tdn.totvs.com.br/pages/releaseview.action?pageId=244431666,PDFs_TDN_MDP_MEN\Engenharia de Processos - MEN\EN0205 - Relatório Estrutura Nível a Nível - EN0205.pdf,OK,
Engenharia de Processos - MEN,Relatório Estrutura em Nível Único - EN0204,https://tdn.totvs.com.br/pages/releaseview.action?pageId=244431818,PDFs_TDN_MDP_MEN\Engenharia de Processos - MEN\EN0204 - Relatório Estrutura em Nível Único - EN0204.pdf,OK,
Engenharia de Processos - MEN,Relatório Estrutura Sumariada - EN0206,https://tdn.totvs.com.br/pages/releaseview.action?pageId=244431829,PDFs_TDN_MDP_MEN\Engenharia de Processos - MEN\EN0206 - Relatório Estrutura Sumariada - EN0206.pdf,OK,
Engenharia de Processos - MEN,Relatório Lista Componentes - EN0610,https://tdn.totvs.com.br/pages/releaseview.action?pageId=244712099,PDFs_TDN_MDP_MEN\Engenharia de Processos - MEN\EN0610 - Relatório Lista Componentes - EN0610.pdf,OK,
Engenharia de Processos - MEN,Relatório Onde-se-Usa Detalhado - EN0211,https://tdn.totvs.com.br/pages/releaseview.action?pageId=244712230,PDFs_TDN_MDP_MEN\Engenharia de Processos - MEN\EN0211 - Relatório Onde-se-Usa Detalhado - EN0211.pdf,OK,
Engenharia de Processos - MEN,Relatório Onde-se-Usa Nível a Nível - EN0209,https://tdn.totvs.com.br/pages/releaseview.action?pageId=351017854,PDFs_TDN_MDP_MEN\Engenharia de Processos - MEN\EN0209 - Relatório Onde-se-Usa Nível a Nível - EN0209.pdf,OK,
Engenharia de Processos - MEN,Relatório Onde-se-Usa Nível Único - EN0208,https://tdn.totvs.com.br/pages/releaseview.action?pageId=244712818,PDFs_TDN_MDP_MEN\Engenharia de Processos - MEN\EN0208 - Relatório Onde-se-Usa Nível Único - EN0208.pdf,OK,
Engenharia de Processos - MEN,Relatório Onde-se-Usa Sumariado - EN0210,https://tdn.totvs.com.br/pages/releaseview.action?pageId=661605952,PDFs_TDN_MDP_MEN\Engenharia de Processos - MEN\EN0210 - Relatório Onde-se-Usa Sumariado - EN0210.pdf,OK,
Engenharia de Processos - MEN,Relatório Operações - EN0602,https://tdn.totvs.com.br/pages/releaseview.action?pageId=244713091,PDFs_TDN_MDP_MEN\Engenharia de Processos - MEN\EN0602 - Relatório Operações - EN0602.pdf,OK,
Engenharia de Processos - MEN,Relatório Operações Roteiro - ENR009,https://tdn.totvs.com.br/pages/releaseview.action?pageId=244723156,PDFs_TDN_MDP_MEN\Engenharia de Processos - MEN\ENR009 - Relatório Operações Roteiro - ENR009.pdf,OK,
Engenharia de Processos - MEN,Relatório Operações Roteiro Detalhado - ENR010,https://tdn.totvs.com.br/pages/releaseview.action?pageId=244715610,PDFs_TDN_MDP_MEN\Engenharia de Processos - MEN\ENR010 - Relatório Operações Roteiro Detalhado - ENR010.pdf,OK,
Engenharia de Processos - MEN,Relatório Parâmetros do Item - EN0212,https://tdn.totvs.com.br/pages/releaseview.action?pageId=244715690,PDFs_TDN_MDP_MEN\Engenharia de Processos - MEN\EN0212 - Relatório Parâmetros do Item - EN0212.pdf,OK,
Engenharia de Processos - MEN,Relatório Processo Fabricação Item - EN0606,https://tdn.totvs.com.br/pages/releaseview.action?pageId=244715754,PDFs_TDN_MDP_MEN\Engenharia de Processos - MEN\EN0606 - Relatório Processo Fabricação Item - EN0606.pdf,OK,
Engenharia de Processos - MEN,Listagem de Operações - ENR006,https://tdn.totvs.com.br/pages/releaseview.action?pageId=244715848,PDFs_TDN_MDP_MEN\Engenharia de Processos - MEN\ENR006 - Listagem de Operações - ENR006.pdf,OK,
Engenharia de Processos - MEN,Listagem de Componentes do Desenho - ENR005,https://tdn.totvs.com.br/pages/releaseview.action?pageId=244715896,PDFs_TDN_MDP_MEN\Engenharia de Processos - MEN\ENR005 - Listagem de Componentes do Desenho - ENR005.pdf,OK,
Engenharia de Processos - MEN,Listagem de Fichas de Método - ENR008,https://tdn.totvs.com.br/pages/releaseview.action?pageId=244715965,PDFs_TDN_MDP_MEN\Engenharia de Processos - MEN\ENR008 - Listagem de Fichas de Método - ENR008.pdf,OK,
Engenharia de Processos - MEN,Listagem de Operações - ENR007,https://tdn.totvs.com.br/pages/releaseview.action?pageId=244723111,PDFs_TDN_MDP_MEN\Engenharia de Processos - MEN\ENR007 - Listagem de Operações - ENR007.pdf,OK,
Monitorar Processos de Fabricação,Cadastro de Operações,https://tdn.totvs.com.br/pages/releaseview.action?pageId=654707136,PDFs_TDN_MDP_MEN\Monitorar Processos de Fabricação\Cadastro de Operações.pdf,OK,
Monitorar Processos de Fabricação,Lista de Estruturas,https://tdn.totvs.com.br/pages/releaseview.action?pageId=454457557,PDFs_TDN_MDP_MEN\Monitorar Processos de Fabricação\Lista de Estruturas.pdf,OK,
Conceitos - MEN,Ajuste de Quantidades de Componentes de Formulação,https://tdn.totvs.com.br/pages/releaseview.action?pageId=235332491,PDFs_TDN_MDP_MEN\Conceitos - MEN\Ajuste de Quantidades de Componentes de Formulação.pdf,OK,
Conceitos - MEN,Consulta Onde-se-Usa o Item,https://tdn.totvs.com.br/pages/releaseview.action?pageId=235332536,PDFs_TDN_MDP_MEN\Conceitos - MEN\Consulta Onde-se-Usa o Item.pdf,OK,
Forma da Estrutura de Produto,Formas de Geração da Estrutura utilizada pelo EMS,https://tdn.totvs.com.br/pages/releaseview.action?pageId=235332855,PDFs_TDN_MDP_MEN\Forma da Estrutura de Produto\Formas de Geração da Estrutura utilizada pelo EMS.pdf,OK,
Item Controlado por Referência,Lista de Componentes,https://tdn.totvs.com.br/pages/releaseview.action?pageId=453302029,PDFs_TDN_MDP_MEN\Item Controlado por Referência\Lista de Componentes.pdf,OK,
Acervo,* DMEN0001 - Mensagem 28.627 - Família do item não possui depósito cadastrado.,https://tdn.totvs.com.br/pages/releaseview.action?pageId=506145516,PDFs_TDN_MDP_MEN\Acervo\DMEN0001 - Mensagem 28.627 - Família do item não possui depósito cadastrado..pdf,OK,
Acervo,* DMEN0002 - Quais os possíveis estados de obsolescência dos itens?,https://tdn.totvs.com.br/pages/releaseview.action?pageId=505771540,PDFs_TDN_MDP_MEN\Acervo\DMEN0002 - Quais os possíveis estados de obsolescência dos itens.pdf,OK,
Acervo,* DMEN0003 - Como relacionar itens a estabelecimentos?,https://tdn.totvs.com.br/pages/releaseview.action?pageId=505771542,PDFs_TDN_MDP_MEN\Acervo\DMEN0003 - Como relacionar itens a estabelecimentos.pdf,OK,
Acervo,* DMEN0004 - Como atualizar a forma de obtenção do item?,https://tdn.totvs.com.br/pages/releaseview.action?pageId=506145522,PDFs_TDN_MDP_MEN\Acervo\DMEN0004 - Como atualizar a forma de obtenção do item.pdf,OK,
Acervo,* DMEN0005 - Como funciona o parâmetro Quantidade Fixa na engenharia?,https://tdn.totvs.com.br/pages/releaseview.action?pageId=505771546,PDFs_TDN_MDP_MEN\Acervo\DMEN0005 - Como funciona o parâmetro Quantidade Fixa na engenharia.pdf,OK,
Acervo,* DMEN0006 - Mensagem 16.690 - Deseja atualizar os dados?,https://tdn.totvs.com.br/pages/releaseview.action?pageId=505771548,PDFs_TDN_MDP_MEN\Acervo\DMEN0006 - Mensagem 16.690 - Deseja atualizar os dados.pdf,OK,
Acervo,* DMEN0007 - Nível Mais Baixo do item (NMB),https://tdn.totvs.com.br/pages/releaseview.action?pageId=506145528,PDFs_TDN_MDP_MEN\Acervo\DMEN0007 - Nível Mais Baixo do item (NMB).pdf,OK,
Acervo,* DMEN0008 - Como fazer a seleção automática de roteiros na abertura da ordem de produção?,https://tdn.totvs.com.br/pages/releaseview.action?pageId=506145538,PDFs_TDN_MDP_MEN\Acervo\DMEN0008 - Como fazer a seleção automática de roteiros na abertura da ordem de produção.pdf,OK,
Acervo,* DMEN0009 - Cadastros básicos para iniciar a utilização dos módulos de manufatura.,https://tdn.totvs.com.br/pages/releaseview.action?pageId=505772923,PDFs_TDN_MDP_MEN\Acervo\DMEN0009 - Cadastros básicos para iniciar a utilização dos módulos de manufatura..pdf,OK,
Acervo,* DMEN0010 - Fluxo de cadastro de um novo item,https://tdn.totvs.com.br/pages/releaseview.action?pageId=506145542,PDFs_TDN_MDP_MEN\Acervo\DMEN0010 - Fluxo de cadastro de um novo item.pdf,OK,
Acervo,* DMEN0011 - Item Fantasma,https://tdn.totvs.com.br/pages/releaseview.action?pageId=506145544,PDFs_TDN_MDP_MEN\Acervo\DMEN0011 - Item Fantasma.pdf,OK,
Acervo,* DMEN0012 - Como relacionar uma imagem ao item no CD0204?,https://tdn.totvs.com.br/pages/releaseview.action?pageId=506145548,PDFs_TDN_MDP_MEN\Acervo\DMEN0012 - Como relacionar uma imagem ao item no CD0204.pdf,OK,
Acervo,* DMEN0013 - Folha de especificação do item,https://tdn.totvs.com.br/pages/releaseview.action?pageId=506145551,PDFs_TDN_MDP_MEN\Acervo\DMEN0013 - Folha de especificação do item.pdf,OK,
Acervo,* DMEN0014 - É possível incluir vários itens para uma mesma sequência da estrutura?,https://tdn.totvs.com.br/pages/releaseview.action?pageId=506145553,PDFs_TDN_MDP_MEN\Acervo\DMEN0014 - É possível incluir vários itens para uma mesma sequência da estrutura.pdf,OK,
Acervo,* DMEN0015 - Qual a funcionalidade do campo Tipo Sobra no EN0105?,https://tdn.totvs.com.br/pages/releaseview.action?pageId=505772937,PDFs_TDN_MDP_MEN\Acervo\DMEN0015 - Qual a funcionalidade do campo Tipo Sobra no EN0105.pdf,OK,
Acervo,* DMEN0016 - Mensagem 26.434 - Linha de Produção não cadastrada,https://tdn.totvs.com.br/pages/releaseview.action?pageId=506145557,PDFs_TDN_MDP_MEN\Acervo\DMEN0016 - Mensagem 26.434 - Linha de Produção não cadastrada.pdf,OK,
Acervo,* DMEN0017 - Qual o conceito de similaridade de itens?,https://tdn.totvs.com.br/pages/releaseview.action?pageId=506145559,PDFs_TDN_MDP_MEN\Acervo\DMEN0017 - Qual o conceito de similaridade de itens.pdf,OK,
Acervo,"* DMEN0018 - Como alterar o código, a unidade de medida e o grupo de estoque de um item?",https://tdn.totvs.com.br/pages/releaseview.action?pageId=505772944,"PDFs_TDN_MDP_MEN\Acervo\DMEN0018 - Como alterar o código, a unidade de medida e o grupo de estoque de um item.pdf",OK,
Acervo,* DMEN0019 - O que pode ocorrer se usarmos o CD0205 em modo multiusuário?,https://tdn.totvs.com.br/pages/releaseview.action?pageId=505772946,PDFs_TDN_MDP_MEN\Acervo\DMEN0019 - O que pode ocorrer se usarmos o CD0205 em modo multiusuário.pdf,OK,
Acervo,* DMEN0020 - Programas de importação do módulo de Manufatura,https://tdn.totvs.com.br/pages/releaseview.action?pageId=506145565,PDFs_TDN_MDP_MEN\Acervo\DMEN0020 - Programas de importação do módulo de Manufatura.pdf,OK,
Acervo,* DMEN0021 - Como eliminar itens que possuem vínculos?,https://tdn.totvs.com.br/pages/releaseview.action?pageId=506145567,PDFs_TDN_MDP_MEN\Acervo\DMEN0021 - Como eliminar itens que possuem vínculos.pdf,OK,
Acervo,* DMEN0022 - Estrutura - Legenda dos componentes,https://tdn.totvs.com.br/pages/releaseview.action?pageId=506145569,PDFs_TDN_MDP_MEN\Acervo\DMEN0022 - Estrutura - Legenda dos componentes.pdf,OK,
Acervo,* DMEN0023 - Substituição de componentes,https://tdn.totvs.com.br/pages/releaseview.action?pageId=506145571,PDFs_TDN_MDP_MEN\Acervo\DMEN0023 - Substituição de componentes.pdf,OK,
Acervo,* DMEN0024 - Como funciona a exportação de dados do programa CD0218 - Manutenção Família Manufatura?,https://tdn.totvs.com.br/pages/releaseview.action?pageId=506145577,PDFs_TDN_MDP_MEN\Acervo\DMEN0024 - Como funciona a exportação de dados do programa CD0218 - Manutenção Família Manufatura.pdf,OK,
Acervo,* DMEN0025 - Como funciona o relatório de estrutura sumarizada?,https://tdn.totvs.com.br/pages/releaseview.action?pageId=506145579,PDFs_TDN_MDP_MEN\Acervo\DMEN0025 - Como funciona o relatório de estrutura sumarizada.pdf,OK,
Acervo,* DMEN0026 - Como funciona o relatório de estrutura nível a nível?,https://tdn.totvs.com.br/pages/releaseview.action?pageId=506145583,PDFs_TDN_MDP_MEN\Acervo\DMEN0026 - Como funciona o relatório de estrutura nível a nível.pdf,OK,
Acervo,* DMEN0027 - Como verificar as pendências do item?,https://tdn.totvs.com.br/pages/releaseview.action?pageId=506145589,PDFs_TDN_MDP_MEN\Acervo\DMEN0027 - Como verificar as pendências do item.pdf,OK,
Acervo,* DMEN0028 - Itens não são listados no Zoom (Oracle),https://tdn.totvs.com.br/pages/releaseview.action?pageId=506145591,PDFs_TDN_MDP_MEN\Acervo\DMEN0028 - Itens não são listados no Zoom (Oracle).pdf,OK,
Acervo,* DMEN0029 - Quais são as tabelas afetadas pela alteração do código do item no CD0205?,https://tdn.totvs.com.br/pages/releaseview.action?pageId=506145593,PDFs_TDN_MDP_MEN\Acervo\DMEN0029 - Quais são as tabelas afetadas pela alteração do código do item no CD0205.pdf,OK,
Acervo,* DMEN0030 - Desenhos do Item,https://tdn.totvs.com.br/pages/releaseview.action?pageId=506145595,PDFs_TDN_MDP_MEN\Acervo\DMEN0030 - Desenhos do Item.pdf,OK,
Acervo,* DMEN0031 - Estrutura por Modelos,https://tdn.totvs.com.br/pages/releaseview.action?pageId=506145598,PDFs_TDN_MDP_MEN\Acervo\DMEN0031 - Estrutura por Modelos.pdf,OK,
Acervo,* DMEN0032 - Como utilizar um item antes do fim do fluxo do Workflow? (ECM),https://tdn.totvs.com.br/pages/releaseview.action?pageId=506145600,PDFs_TDN_MDP_MEN\Acervo\DMEN0032 - Como utilizar um item antes do fim do fluxo do Workflow (ECM).pdf,OK,
Acervo,* DMEN0033 - Quais grupos de usuários do workflow devem estar previamente cadastrados no ECM?,https://tdn.totvs.com.br/pages/releaseview.action?pageId=506145602,PDFs_TDN_MDP_MEN\Acervo\DMEN0033 - Quais grupos de usuários do workflow devem estar previamente cadastrados no ECM.pdf,OK,
Acervo,"* DMEN0034 - Inclusão, Modificação e Cópia do item",https://tdn.totvs.com.br/pages/releaseview.action?pageId=506145604,"PDFs_TDN_MDP_MEN\Acervo\DMEN0034 - Inclusão, Modificação e Cópia do item.pdf",OK,
Acervo,* DMEN0035 - Como definir a quantidade do item na estrutura ?,https://tdn.totvs.com.br/pages/releaseview.action?pageId=506145606,PDFs_TDN_MDP_MEN\Acervo\DMEN0035 - Como definir a quantidade do item na estrutura.pdf,OK,
Acervo,* DMEN0036 - Como definir o modo de visualização das imagens do CD0204 e EN0703?,https://tdn.totvs.com.br/pages/releaseview.action?pageId=506145608,PDFs_TDN_MDP_MEN\Acervo\DMEN0036 - Como definir o modo de visualização das imagens do CD0204 e EN0703.pdf,OK,
Acervo,* DMEN0037 - Conceito Alternativo e Reciclado,https://tdn.totvs.com.br/pages/releaseview.action?pageId=506145610,PDFs_TDN_MDP_MEN\Acervo\DMEN0037 - Conceito Alternativo e Reciclado.pdf,OK,
ENAPI209_API_Estrutura_onde-se-usa,ENAPI301 - Consistir e gravar informações referentes a estruturas de itens,https://tdn.totvs.com.br/pages/releaseview.action?pageId=191467765,PDFs_TDN_MDP_MEN\ENAPI209_API_Estrutura_onde-se-usa\ENAPI301 - Consistir e gravar informações referentes a estruturas de itens.pdf,OK,
ENAPI209_API_Estrutura_onde-se-usa,ENAPI302 - Consistir e gravar componentes alternativos na estrutura de um item,https://tdn.totvs.com.br/pages/releaseview.action?pageId=191467767,PDFs_TDN_MDP_MEN\ENAPI209_API_Estrutura_onde-se-usa\ENAPI302 - Consistir e gravar componentes alternativos na estrutura de um item.pdf,OK,
ENAPI209_API_Estrutura_onde-se-usa,"ENAPI608 - Efetua as rotinas do cadastro e manipulação de imagens e documentos, associados aos itens pertencentes a estrutura de componente",https://tdn.totvs.com.br/pages/releaseview.action?pageId=191467776,"PDFs_TDN_MDP_MEN\ENAPI209_API_Estrutura_onde-se-usa\ENAPI608 - Efetua as rotinas do cadastro e manipulação de imagens e documentos, associados aos itens pertencentes a estrutura de componente.pdf",OK,
BO - MEN,BOIN111 - Manter e fornecer informações sobre o arquivo de estrutura do aplicativo de Manufatura do EMS 2.0,https://tdn.totvs.com.br/pages/releaseview.action?pageId=191467787,PDFs_TDN_MDP_MEN\BO - MEN\BOIN111 - Manter e fornecer informações sobre o arquivo de estrutura do aplicativo de Manufatura do EMS 2.0.pdf,OK,
BO - MEN,BOIN253 - Manter e fornecer informações sobre as operações alternativas do aplicativo de Manufatura do EMS 2.0,https://tdn.totvs.com.br/pages/releaseview.action?pageId=191467791,PDFs_TDN_MDP_MEN\BO - MEN\BOIN253 - Manter e fornecer informações sobre as operações alternativas do aplicativo de Manufatura do EMS 2.0.pdf,OK,
BO - MEN,BOIN375 - Manter e fornecer informações sobre as referências do item do aplicativo de Manufatura do EMS 2.0,https://tdn.totvs.com.br/pages/releaseview.action?pageId=191467810,PDFs_TDN_MDP_MEN\BO - MEN\BOIN375 - Manter e fornecer informações sobre as referências do item do aplicativo de Manufatura do EMS 2.0.pdf,OK,
BO - MEN,*DMEN0019 - O que pode ocorrer se usarmos o CD0205 em modo multiusuário?,https://tdn.totvs.com.br/pages/releaseview.action?pageId=505772946,PDFs_TDN_MDP_MEN\BO - MEN\DMEN0019 - O que pode ocorrer se usarmos o CD0205 em modo multiusuário.pdf,OK,
BO - MEN,"*DMEN0018 - Como alterar o código, a unidade de medida e o grupo de estoque de um item?",https://tdn.totvs.com.br/pages/releaseview.action?pageId=505772944,"PDFs_TDN_MDP_MEN\BO - MEN\DMEN0018 - Como alterar o código, a unidade de medida e o grupo de estoque de um item.pdf",OK,
BO - MEN,*DMEN0015 - Qual a funcionalidade do campo Tipo Sobra no EN0105?,https://tdn.totvs.com.br/pages/releaseview.action?pageId=505772937,PDFs_TDN_MDP_MEN\BO - MEN\DMEN0015 - Qual a funcionalidade do campo Tipo Sobra no EN0105.pdf,OK,
BO - MEN,*DMEN0009 - Cadastros básicos para iniciar a utilização dos módulos de manufatura.,https://tdn.totvs.com.br/pages/releaseview.action?pageId=505772923,PDFs_TDN_MDP_MEN\BO - MEN\DMEN0009 - Cadastros básicos para iniciar a utilização dos módulos de manufatura..pdf,OK,
BO - MEN,*DMEN0006 - Mensagem 16.690 - Deseja atualizar os dados?,https://tdn.totvs.com.br/pages/releaseview.action?pageId=505771548,PDFs_TDN_MDP_MEN\BO - MEN\DMEN0006 - Mensagem 16.690 - Deseja atualizar os dados.pdf,OK,
BO - MEN,*DMEN0005 - Como funciona o parâmetro Quantidade Fixa na engenharia?,https://tdn.totvs.com.br/pages/releaseview.action?pageId=505771546,PDFs_TDN_MDP_MEN\BO - MEN\DMEN0005 - Como funciona o parâmetro Quantidade Fixa na engenharia.pdf,OK,
BO - MEN,*DMEN0003 - Como relacionar itens a estabelecimentos?,https://tdn.totvs.com.br/pages/releaseview.action?pageId=505771542,PDFs_TDN_MDP_MEN\BO - MEN\DMEN0003 - Como relacionar itens a estabelecimentos.pdf,OK,
BO - MEN,*DMEN0002 - Quais os possíveis estados de obsolescência dos itens?,https://tdn.totvs.com.br/pages/releaseview.action?pageId=505771540,PDFs_TDN_MDP_MEN\BO - MEN\DMEN0002 - Quais os possíveis estados de obsolescência dos itens.pdf,OK,
